문장,정답,예측,확신도(%)
이거 서류좀 공증해달라고 아 죄송합니다. 규정상 구비 서류가 없어서 해드릴 수가 없어요. 뭐라고? 너 내가 누군지 알아? 화가나셨다면 죄송합니다. 그렇지만 해드릴수가 없는 부분이라 제가 좀 곤란합니다. 너말고 니 위에 누구야? 제 위에 상사님께 말씀을 드리겠지만 이것은 해드리기가 좀 어려운 부분입니다. 넌 빠지고 니 위에 불러오라고 말씀이 조금 지나치시네요 뭐라고? 손님이 왕인거 몰라? 네 죄송합니다. 잠시만 기다려주세요.,기타괴롭힘(3),직장내괴롭힘(2),80.89
김부장 오셨습니까 내가 시킨거 어떻게 했어 ? 그게. 안했어 ? 저는 못하겠습니다 김부장 요즘 나사가 풀렸나봐 ? .죄송합니다. 자네 딸 유치원 다닌다던데 ? .시간을 조금만 더 주세요.,협박(0),직장내괴롭힘(2),80.81
이봐 최대리. 와봐. 네 과장님. 내가 몇 번을 말했어! 확인 똑바로 하라고 몇 번을 말했냐고! .죄송합니다. 확인은.했는데. 지금부터 너는 말하지 마. 자격도 없어. .정말 죄송합니다. 다시는 이런 일 없도록 하겠습니다. 또 몇 번을 말해야 알아들어? 말하지 말라니까. 진짜 죽여버리고 싶네 이거. 과장님. 제가 똑바로 다시 교육시켜놓겠습니다. 열내지 마시고 담배나 한 대 피시죠. 너 니 후배 교육 똑바로 시켜놔. 또 저 꼴 나면 그날 니가 대신 뒤지는거야. 최대리. 너 진짜 뒤지고 싶냐. 팀분위기 이따위로 만드니깐 좋아? 그냥 죽어라. 도움도 안되는거. 도와줄까? 옥상에서 밀어줘?,협박(0),직장내괴롭힘(2),79.37
야 일병 내가 마스크 똑바로 쓰라했지 죄송합니다! 똑바로 쓰겠습니다!! 어?? 일병이면 소리가 2칸이여야지 소리가 크네 네. 시정하겠습니다 일병이 목소리가 작네 안되겠다 너 맞선임 누구냐 상병님 입니다! 오랜만에 상병 얼차려나 줘야겠네 너때문에 제발 그것만은. 그럼 니가 똑바로 하든가 죄송합니다.,기타괴롭힘(3),직장내괴롭힘(2),79.34
401호시죠? 저 301호에요. 밤에 너무 천장이 울려서 잠을 잘 수 없어요. 운동하세요? 네 안녕하세요. 저는 운동한 적이 없는데 무슨 일이시죠? 아니 밤마다 쿵쿵 울리는데 댁 때문에 잠을 못자서 미치겠어요. 운동하시는 거 맞잖아요! 저는 운동안했어요. 혹시 옆집에서 울리는게 아닐까요? 확인해보셨어요? 아니 당신 내 말이 말같지 않아? 울린다고 하잖아? 내가 그 쪽이 그러는거 모르는 줄 알아? 여보세요. 말씀 지나치세요. 안했다는 데 왜 자꾸 우기세요? 증거있어여? 내가 당신 밤마다 문 앞에서 도청하고 다 듣고있었고 천장소리 다 녹음했어 당신 미친거 아니야? 그거 불법도청인데? 당신 한 번 나랑 해보겠다는거지? 오호라.이게 미쳤나. 야 너 한 번 죽어볼래? 그래 이제 본색을 들어내시는군. 너도 한번 죽어봐라 이 미친년아,협박(0),기타괴롭힘(3),79.08
김사장. 우리 그동안의 세월을 봐서 내가 많이 봐줬다. 한번만 더 시간을 주면 안되겠나? 김사장도 양심도 없지. 내가 땅파서 장사하나? 하지만 이자가 터무니 없이 비싸네. 그럼 빌리지 말든가 급할때는 좋다고 빌려가놓고 왜그래? 그래서 시간을 조금만 더 주게 제발 이틀 줄게 그안에 안가져오면 눈 한쪽 내놓을 생각해 눈.눈을 말인가? 왜 싫으면 지금 당장 돈 가져오든가 내 어찌든 마련해보겠네.,협박(0),갈취(1),79.0
나. 이번 대회에서.꼭 1등 할 거야. 응? 그래 서희야 ! 우리 꼭 같이 입상하자! 아니.? 난 너보다 꼭 위에 올라갈거야. 어.응 ! 그래! 그 동안 내가 운이 좋았지. 너가 나보다 원래 훨씬 빠르잖아. 참나.너 정말 재수없다. 나 놀리는 거지? 내가 맨날 어디서든 니 뒤에 가려져서 얼마나 침울하게 지내왔는지 알아!? 서희야.갑자기 왜그래. 우리 내일.대회잖아.응? 이러지말자. 내가 널 이길 수 있는 방법은 니가 대회에 못나가는 방법 밖에 없어. 그게 무슨소리야.너 꼭 잘 할 수있.어.서희야.그 .그게 뭐야.? 망.망치잖아.! 달리기를 못하게 하는 방법밖 에 없다고.!!!!!!!!!!!. 너.넌 몰라. 내가 얼마나 고통 속에 비교 속에 살아왔는지.!!!!! 꺼져버리라고.!!!!!! 안.안돼. 서희야.!!!!!! 제발 그 . 그거 내려놔.! 오.오지마.!꺄악.!!,협박(0),기타괴롭힘(3),78.97
야 너 내심부름꾼 안할거야? 내가왜.해야해 너같은 찐따랑 놀아주는데 안해? 그냥 찐따할게 하 이것봐라? 그냥 찐따가 아니라 디지게 맞는 찐따인데 괜찮겠어 .내가 뭘 그렇게 잘못한줄 모르겠어 이유가 그렇게 듣고 싶냐? 응.궁금해 왜냐면 너한테만 말해줄게 생긴게 마음에 안들어서그래 .진짜 너무하다 너 그니까 골라 그냥 좋게 심부름할지 졸업할때까지 디지게 맞는 찐따할지?,협박(0),기타괴롭힘(3),78.96
어이 코털 왜 왜? 아놔됐고 너 매점가서 곰보빵 두개에 콜라하나 사와라 나 돈없어 돈없어? 그럼 내가 돈줄께 어 여기 1000원 줄테니까 빵두개 콜라하나 사고 거스름돈 거슬러와라 야 택도없어 야 뒤질래? 쌔벼서라도 갖고와 색키야 야,기타괴롭힘(3),갈취(1),78.77
형씨 오늘까지 돈 주기로 했잖아 아 그게 뭐하는거야? 약속 안지키는 거 아니지? 아니 하루만 뒤로 미룰 수 없을까요.? 자기야 우리 오늘까지 안주면 어떻게 하기로 했지? 장기 그래!! 그러니까 좋은 말로할때 가져와라 정말 하루뒤면 가져올 수 있어요 하루만 정말 나 화나게 할꺼야? 지금 당장이라도 장기 하나하나 다 떼줘? 아니아닙니다.어떻게든 구해서 오늘 안으로 드릴게요,협박(0),갈취(1),78.16
아저씨 저 담배하나만 사다주세요 아니 학생 담배는 몸에 안좋아 아저씨가 무슨상관이에요? 부모라도 돼? 생각하고 하는 말이라 그래 아 됐고 안사줄거면 됐어요 학생 아진짜 짜증나게 어딜잡아요? 안사줄꺼면 꺼지라고 학생 그러면 안돼 안되긴 뭐가 안돼? 아저씨가 내 인생 살아줄거야? 염병 기분나쁘니까 꺼지라고 한대 맞아야 정신차릴거에요? 학생 나중에 후회해 그래서 하는 말이야 아주 그냥 성자 나셨네 성자 두번 말안해 안사줄꺼면 꺼져 쳐맞기 싫으면,협박(0),기타괴롭힘(3),77.89
야 야 내가 좀 춥다 환절기 되니까 좀 쌀쌀해 그렇지? 어어? 그러네 와 이새끼 패딩 좋은거 입고 다니네 아 고마워 아니 고마워말고 좀 벗어봐 응? 나도 한번 입어보자 어? 입어만 보는거지? 응 입어보니까 보는 것만으로도 다르네 야 이거 내가 지금 추우니까 입고 다음주에 돌려줄게 어?안되는데 야 그럼 내가 추워 얼어 죽었으면 좋겠냐?? .아니. 그건아닌데 그럼 주말 잘보내라 나 간다,갈취(1),기타괴롭힘(3),77.21
내가 말하는게 우습냐? 미미안해. 우습냐고 새끼야 내가 뭘 잘못했는지 모르겠어 미안해 니가 뭘 잘못한지 모르는게 잘못이야 새끼야 알겠어? .억울해. 억울해? 하긴 생긴게 좀 억울하게 생겼다 내가 코좀 비틀어줄까? 그럼 좀 덜 억울해보일것같은데? 하.하지마.잘못했어 아까는 뭘 잘못했는지 모르겠다며 새끼야 억울하게 생긴 니얼굴 내가 좀 고쳐준다는데 하.하지마. 제발,협박(0),기타괴롭힘(3),77.18
우와 00아 너 이번에 올라온 사진 정말 예쁘더라. 아 응 고마워! 그래서 그 사진 보고 너가 입은 옷이랑 립스틱 따라 사고 싶은데 어디 제품인지 알려줄 수 있을까 ? 나 정말 너 좋아해서 따라하고 사진 찍고 싶어. 어. 0000 여기 제품이야. 우와 봤는데 너무 비싼 것 같아. 어차피 사진 한 번만 찍을 껀데 둘 다 빌려주면 안될까? 아 그래. 빌려줄게. 그러면 빌려주는 김에 전전 피드에 올린 옷도 같이 빌려줘! 아 그거는 내가 사촌언니 이미 빌려줘서 못 빌려줄 것 같아. 그래? 근데 나 진짜 너무 궁금한데 언니한테 얼른 다시 받아서 빌려주면 안될까? 너 엄청 착하잖아. 믿어도 되는거지?! 알겠어.,기타괴롭힘(3),갈취(1),76.77
이봐요 아가씨 이렇게 해도 되는거야? 손님 죄송합니다 내가 여기 단골이야 사장님 어디있어? 손님 이건 본사 지침이라 어쩔 수가 없어요 됐고 당장 불러와 사장 연락해드리겠습니다 여기 단골인데 이거 하나 못해줘? 진짜 어이가 없어서. 죄송합니다 내가 말만 하면 이 가게 다신 못 열어. 죄송합니다,협박(0),기타괴롭힘(3),76.66
자꾸 이렇게 집착해서 전화자꾸하지마 한번만 만날수 없니 딱 한번만 우린 헤어졌는데 뭘 만나 난 아직 아니야 널 사랑해 뭘 사랑해 그런놈이 둘째를 가지냐 그건 나도 술마시고 술김에 모르고 넌 날 그양 즐기는 상대로 만난거니 이제 끝내자 아니야 조금만 기다려주면 이혼하고 정리될거야 그럼 다른사람 찾아봐 난 아니니 한번만 만나줘 내가 설명할께 너 자꾸 이럼 임신한 니 와이프에게 우리 사진보낸다 야 그렇게하면 나도 가만안있어 니 남자친구랑 집에 나도 폭로해버릴거야 그래 이제야 본심 나오네 넌 그런 양아치야 넌 깨끗한줄 아나보네 그래 우리 서로 다밝히고 깨끗히 서로 다시 시작하자 뭘 시작해 양아치야 너 한번만 더 전화하고 찾아오면 널 아는 모든사람이 니가 이런사람이라는걸 알게 해줄께,기타괴롭힘(3),협박(0),76.02
나준씨 지금 할 일 없지? 아 지금 넘길 서류가 있는데. 빨리빨리 처리 안하고 뭐했어? 방금 받은 일이라서요. 됐고 그거 나중에 하고 지금 커피 좀 사와봐. 지금이요? 응. 근데 내가 카드를 두고 왔네. 그럼 어떻게. 지금은 나준씨 카드 써. 내가 나중에 줄게. 며칠 전 것도 아직 안 주셨는데 나 지금 거짓말쟁이 취급하는 건가?,직장내괴롭힘(2),갈취(1),75.99
이거 도와주세요. 난 지금 바빠서 도와줄 시간이 없어. 넌 바쁠 때 항상 바쁜척 하더라 바쁜척 하는 게 아니라 실제로 바빠. 지금까지 놀다가 바쁜척 하는 거 알아 진짜 바쁘다니까. 내 말을 뭘로 알아 니가 평상시에 하는 행동을 보면 매번 그렇더라 니가 미쳤군. 사람 말을 못믿는 걸 보면 너야 말로 진짜 미친 놈이야. 넌 이성을 잃었여. 평상시도 제정신이 아니었지만.,협박(0),기타괴롭힘(3),75.54
돈 언제 갚을거야? 곧 갚겠습니다. 아이씨 그 말만 몇번째야?!?! 죄송합니다.그치만 지금 당장은. 야 시끄럽고 돈 없으면 장기 하나 팔아 네??무슨 말씀이세요. 돈 없으면 장기하나 팔라고! 너가 빌린돈 갚으러면 신장둘다 떼면 되겠다 그거 다 떼면 죽는거 아닌가요? 내 알바야? 꼬우면 갚던가 곧 갚겠습니다.살려주세요 형님한테 전화한다,협박(0),갈취(1),75.52
너희부모님 장애인이라며? 넌 왜이렇게 멀쩡하냐? 무슨근거로 그런말을 해? 소문이 그래 너도 부모님처럼 장애인 만들어줘? 시킨일 다했자나 왜그러는거야 그냥 너가 마음에 안들어 그만 괴롭히면 안될까? 안돼 내 스트레스가 풀릴때까지 계속이야 신고할거야 신고해봐 어디! 내가 너 가만히 안둘테니 언젠가 내가 가만히 안둬,기타괴롭힘(3),협박(0),75.39
교도관님 저 진짜 마약 없으면 안돼요. 딱 한번 아니 조금이라도 제발.저 진짜 사는 게 사는 게 아닙니다. 이새끼가 아직도 정신을 못차렸어? 그. 마약 진짜 구하기 힘들었어요. 들어오는데 돈만 얼마 들었는데요. 애초에 그거 제거잖아요 왜 나라가 도둑질 해가요 빨리 돌려주세요. 이게 돌았나. 그게 니거면 뭐 구하기 어려우면 뭐 어쩌라고! 형량 더 씨게 받아야 정신 차릴래? 아이씨 그냥 달라고!!! 내거잖아!! 빨리 달라고!!!! 내거잖아 내놓으라고 내놔 나한테 주라고! 와 저 놈 마약하더니 진짜 정신상태가 온전치 못 하네. 야 교도관 너 당장 내 약 가지고 와 이 칼 보이지? 내가 이걸로 어떻게 할 거 같아? 앞으로 다가오지 마! 야 너 왜그래 당장 그 칼 안 내려놔? 빨리 내려 놔!! 내가 왜? 이 칼 보이지? 당장 내 약 안가져오면 여기있는 이 재소자 죽여버린다. 다른 사람 목숨 버릴거야? 마약은 진짜 안 된다고. 빨리 칼 내려놔. 그렇게 난동 부려서 좋을거 없잖아. 지금까지 조용히 살아와놓고 왜 그래. 내가 마약 없으면 사는 게 사는 게 아니야. 환청도 들리고 막 이상한거도 보이고 너무 힘들다고 나하나 죽으면 너무 억울하잖아 다른 애도 한 명 데리고 갈게. 내가 마약 주면 그거 불법이야. 내가 교도소에 갇히게 될 수 있다고. 제발 그 칼 내려놔.,협박(0),갈취(1),74.95
빌린 돈 당장 갚아 지금 당장은 돈이 없습니다 내일까지 계좌로 오백 보내. 당장 내일까지요? 그 돈을 어디서 구해요 안 보내면 . 시간을 조금만 더 주세요 제가 다음 주까지는 꼭 꼭 구해올게요 . 안 보내면 . 너 콩팥 한 쪽은 무사하지 못할 줄 알아 제발 한 번만 봐주세요 죽기 싫으면 내일 저기 앞 뒷골목에서 보자. 흐읍흐읍 넵,협박(0),갈취(1),74.58
너 나랑 헤어질꺼야? 응 나 이제 너랑 못 만나 나 너 동영상 가지고 있어. 알아? 너 이런 동영상 언제 찍었어? 너 이 영상 학교에 퍼져도 괜찮겠어? 학교 다닐 수 있겠어? . 너 이러는 거 범죄야. 얼른 지워줘. 싫어 너가 나 다시 만난다해주면 지울게 알겠으니까 얼른 지워줘 하는 거 보고 지울게 보채지마. 너.,갈취(1),기타괴롭힘(3),74.49
너 어떻게 여기서 다 보니? 우리 병원엔 무슨 일이야? 아. 그게. 남편이랑 같이 왔어 . 그래? 남편은 어디가고? 남편 잠깐 나 마실 거 사다준다고. 그래? 아 수영아 너 임신한거야? 몇년 전에는 우리 병원에서 낙태했잖아 그게 전 남친아니였나? 응? 니가 그걸 어떻게. 어머 얘 나 여기 병원 간호사야 그런 것도 모르겠니? 너희 남편은 알아? 너 낙태한 거. 혹시 속인 건 아니지? 남편은. 아직 . 그치만 내가 때가 되면 알아서 얘기할거야. 제발 모른 척해주라. 어떻게 그래 남편이 원하면 알려줘야하는거고 너도 진짜 뻔뻔하구나. 어떻게 그런 걸 속이니? 속인 게 아니라 아직 말을 못한거야. 제발 그러지마. 원하는 게 뭐야.? 넌 얘가 날 뭘로 보고 아 참 나 내일 생일인데 별 건 아니고 여행자본이 조금 부족한데 .한 오백정도? 오백.?그.그 당장 내일.? 선택은 니가 하는거지 뭐 어머 니 남편 아니니?,갈취(1),기타괴롭힘(3),74.39
여어 야 너 랑 만나지? 아. 어. 그렇게 됐어. 하아 너 진짜 대단하네. 는 뻔히 랑 진지하게 만나는 거 알고 있는데 네가 낀거자너? 진짜 뻔뻔하네? 아니. 이미 그때 둘 사이가 이미 소원해서 그런거 아냐. 아니긴 뭐가 아냐 내가 다 아는데. 너 진짜 얼글 철판 제대로 깔았다 내가 확 들한테 다 불어버린다 너 제대로 퉁수 쳤다고? 아니야. 그러지마. 그냥 조용하게 만나다가 나중에 말할 생각이야. 네 일도 아니고 좀 나서지마. 아 이거 웃긴 놈년이네? 누가 누구한테 큰 소리야? 확 네 직장이랑 동기들한테도 소문 낸다? 제발 좀 그러지마. 조용히 살자. 너한테 민폐 끼친 것도 아니잖니. 와 얘 진짜 미쳤네. 너 지금 잠깐 즐기렴. 난 분명 경도했다. 나중에 모라고 하지마. 아냐 내가 다 미안해. 제발 어디 소문 좀 내지 말아줘. 제발. 이렇게 부탁해. 그걸 맨 입으로? 내가 어떡하면 좋겠니? 아니 내가 뭐 돈 달라긴 모 하고 너랑 나랑 같은 직장이잖니. 요즘 주말에 당직 많던데 그거 좀 대신 해 줄 수 있을까? 요새 주말에 내가 좀 바빠서. 하아. 알았어. 대신 아무한테도 말하면 안돼? 알았어. 걱정마. 내가 싹 잊을게!,갈취(1),협박(0),74.37
김선생 이번에 우리가 동문회하는 데 돈이 좀 모자르네. 네. 그렇군요. 김선생. 당신 좀 눈치가 없나 허허. 무슨 말씀이신지. 당신 교수되기 싫어? 허허 김선생이 왜 후배 이선생보다 아직도 교수가 못되었는 지 이제 알겠구만. 교수님! 아니 동문회비 그거 얼마나 한다고 그러나. 교수가 되려면 말이지 이런데 통이 커야하네. 죄송합니다. 저 이번달에 아내가 출산해서 빠듯합니다. 그렇지. 자식이 중요하지. 그런데 자네 교수되는건 안중요하다는 말이지. 교수님 그런 의미 아닌거 아시지않습니까,갈취(1),직장내괴롭힘(2),73.84
아 진짜 짜증나게하네 너 그냥 맞자 내가 뭘했는데 왜그래 일단 맞으면 알겠지 제발 무리한 것좀 시키지마 이게 무리하다고? 지금까지 잘했잖아 우쭈쭈 야 얘 동생있잖아 그 학교 다니는 아 걔가 얘 동생이야? 제발 동생은 냅 둬 건들지마 제발 너 하는 거 봐서,협박(0),기타괴롭힘(3),73.78
야 왕따! 뭐하냐 오늘 머리는 감고왔냐? 또 왜그래. 학폭위 한번으로는 모자르디? 이새끼가! 너 죽고싶어 환장했냐? 야 냅둬냅둬. 또 건드려봤자 좋을거 없어 니 친구는 잘아네. 나 건드려봤자 좋을거 없으니 갈길가라. 아오 진짜. 너 오늘 집에가는길 조심해라. 걱정마. 너같은 새끼 때문에 엄마가 데리러 오실거다. 이 새끼가 지금 장난하나. 확! 야 참아참아. 가자. 얘랑 얽혀서 좋을거 없어.,기타괴롭힘(3),협박(0),73.28
학생 길가에서 담배를 피면 어떡해? 아저씨가 뭔데요? 그냥 지나가다가 연기가 너무 심하니깐 그렇지. 그냥 가던길 가세요 죽기 싫으면. 학생 참 말하는 싸가지가 없구만 아저씨 제가 싸가지가 있던 없던 죽기 싫으면 갈 길 가시라구요. 넌 부모님도 안계시냐? 없는데 어쩌라고? 부모가 밥먹여줘? 담배를 사줘? 아휴 요즘 젊은 것들이란. 저 노인이 뒤져볼라고 환장했나?,협박(0),기타괴롭힘(3),72.6
너 지금 나 째려봤냐? 아니요. 아니긴 뭐가 아니야 나 기분나쁘게 째려봤잖아 아닙니다. 뒤에 간판 봤어여 어휴 생긴것도 눈 쫙 째져서 재수없게 생긴게 아니에요.정말 눈깔 뽑히고 싶어?? 기분 나쁘게 시리 죄송합니다. 앞으로도 눈 그렇게 내리깔고 다니란말야 뽑히기 싫으면 죄송합니다. 그래 재수없이 째진 눈 안보이니까 얼마나 좋냐 .,협박(0),기타괴롭힘(3),72.04
길동씨 이것 좀 해줘 네! 어떤 건가요? 내가 스타킹이 찢어져서 그것 좀 사다줘 네.? 아니 상사가 부탁하면 좀 사다줄 수 있잖아 네. 돈은 내가 줄테니까 사와 네. 일단 길동씨 돈으로 긁고 내가 나중에 줄게 어 고마워 거기다 둬 네.,직장내괴롭힘(2),갈취(1),72.01
지금 나 째려봤어요? 무슨소리에요? 지금 나 야려본거 아니야? 아휴 취하셨으면 곱게 들어가셔 주무세요 뭐라고? 지금 나 개무시하는거야? 그런거 아닙니다 아 참나 기분 더럽네 피차 마찬가지니 그냥 갈길갑시다 나는 그냥 못가겠는데? 너같이 건망진 새끼 손을 제대로 봐줄라고 이 새끼 일로와바 왜 이러세요,협박(0),기타괴롭힘(3),71.19
야 이 길동. 네 선배님! 오늘은 왠지 더 커진거 같다? 원래도 어마어마 했지만. 안그러냐? 그러네! 뽕이야? 네? 뭐라고요? 아니 네 키 말이야. 키 얘 다른 생각 했다. 이길동 그렇게 안 봤는데 그게 아니라 누가 들어도 오해할만한 말인거 같은데요. 아 선배가 장난 치는 건데 왜 이렇게 정색해. 우리 길동이 진지충이야? 아 나 진지충이랑 안 노는데.,기타괴롭힘(3),직장내괴롭힘(2),70.62
아 아줌마. 어제 새벽에 왜 왔어요? 아유 총각도. 무슨 소리 하는거야. . 왜 왜 제 방에 칼 들고 들어오셨어요?! 새벽에 봤어요 아 아줌마가. 들어오는 거. . 에잉 쯧. 안 들킬 줄 알았는데. 이거 오늘 한 놈 더 죽여야겠구먼? . 무 무슨 소리 하시는 거. 힉.! 카 칼.! 요새 젊은 총각들은 몸에 살이 없어서 먹을 게 없어 응? 근데. 총각은 튼실하니 살도 많아 보이더라고. 서 설마. 당신들 그런 그런 거야.? 아따 특식 좀 빨리 먹고 싶어서 간 좀 봤더니. 고새 들켜부렸으야. . 총각. 조금이라도 더 살고 싶으면 그냥 닥치고 있어. 다 당신들 뭐야. 뭐냐고. 뭐긴 뭐야 사람 먹는 사람들이지. 총각은 2번째야. 이번에는 405호 총각이 먼저 죽을 예정이라.,협박(0),기타괴롭힘(3),70.02
아 아저씨 사람을 쳤으면 사과를해야지 아이고 죄송합니다 뭐야 장님이잖아? 죄송합니다 제가 앞이잘안보여서 아니 장님이면 집에 짱박혀있던가 왜 싸돌아다녀? 죄송합니다 에휴 세금 먹고사는 식충들 쯔쯔 말씀이 너무 심하시네요 내가 내는 세금이 아깝다 .,기타괴롭힘(3),직장내괴롭힘(2),69.9
너 나랑 헤어지면 이거 니 주변 사람들한테 다 돌린다 이게 뭐야? 이게 뭐긴 우리 사랑의 증거지 이런걸 언제 찍은거야? 그게 중요해? 동의 없이 찍으면 범죄야 왜 그래 우리 좋았던 시간을 남긴건데 이러지말자 우리 깨끗하게 정리하자 나는 깨끗하게 정리가 안되는데 헤어지는 순간 나 이거 너네 부모님 동생 직장 사람들한테 다 뿌릴거야 좋은 구경 시켜주겠네? 제발 그러지마.,기타괴롭힘(3),협박(0),69.7
당신 아들이 사람을 때렸다고 네? 우리 애가요? 전치6주가 나왔는데 어쩔 거에요? 우리 애가 그런게 맞아요? 나는 경찰에 신고해도 상관 없는데 네?! 그냥 치료비만 주세요. 조용히 처리합시다 아니 그럴 리가 없는데 아 그럼 경찰서에 가고 아니 잠깐만요,갈취(1),협박(0),69.58
내가 싯팔 영화 스포하지 말랬지 . 오징어게임 아직 보지도 않았는데 비밀을 알아버렸어 싯팔롬아. 본 줄 알았지 웃어? 아 장난이지 이 식칼도 장난으로 보임? 아 다음부터는 안한다고 다음은 없다. 슉.슈슛.슉.슈슉.슉.시팔롬아. .,협박(0),기타괴롭힘(3),68.15
학부모님 안녕하세요. 선생님. 우리 애 성적이 왜 이래요? 개똥이가 이번에 성적이 많이 떨어졌죠? 저도 안타깝네요 그러니까 성적이 왜 저러냐구요. 비싼 돈 가져다 줬더니 이게 뭐예요? 지금 장난해요? 개똥이가 똑똑하긴한데 수업에 집중을 안해요. 학원도 자주 안나오고요 그건 너네 핑계고. 우린 돈 못내겠으니. 지난달 학원비 100만원 돌려주세요. 그건 좀. 지금 당장 가져와. 실력도 쥐뿔도 없으면서. 가져오라고. 좀 진정하시죠 야! 지금 당장 가져와. 학부모회랑 커뮤니티에 다 소문내버리기 전에,기타괴롭힘(3),갈취(1),68.08
움직이지마! 누구세요? 보면몰라? 여기 가방에 다 넣어 죽기 싫으면 이러지마세요 신고할거에요 신고하기전에 니가 먼저 죽을걸 제발요 다치기 싫어요 다치기 싫으면 여기에 금 다 털어! 요새 상황이 여의치 않아 이거 털리면 우리식구 다 길바닥에 내앉아져요 나는 이미 앉았어 얼른 넣어 잔말말고 네.,갈취(1),협박(0),67.6
이상 발표를 마치겠습니다. 질문 하나 해도 될까요? 이해 가지 않는 부분이 있어서요. 네 하세요 왜 이 부분에서 이렇게 나오는건가요? 제가 알기론 이게 아니라는거 같다고 어디서 들었는데요 아 이건 이 부분을 참고하시면 될 것 같습니다. 제 답변이 도움 되었나요? 아 아니요 전 아직도 왜 그런지 모르겠네요 그리고 발표 준비를 너무 대충 하신거 아닌가요? 모든 반 학생들이 이해 가게끔 해야지 이게 뭐에요 그만하시죠. 다음엔 최대한 이해가 쉽고 빨리 되게끔 정리해서 오겠습니다. 그렇게 말하면 끝인가요? 전 질문자로서 기분이 상했는데요. 그냥 제가 마음에 안 들어서 반 아이들 앞에서 창피를 주시는거 아닌가요?,기타괴롭힘(3),직장내괴롭힘(2),67.42
당장 그 돈 내놓지 않으면 너네 엄마를 죽일거야. 제발 살려줘 돈 줄게 2000만원을 1시간이 안에 준비해 1시간은 무리야 하루만 시간을 줘 너 내가 우스워? 이게 장난같아? 아니야 제발 살려줘 1시간 안에 준비해 .알겠어 그 대신 우리 엄마는 살려줘야해 입 다물고 빨리 준비나 알겠어,협박(0),갈취(1),67.23
물건상태가 심한데 환불해주세요 무슨소리새요? 저는 개봉도 안한 새상품을 판매한겁니다 아니 물건상태가 안좋고 내가 마음에 안들어서 환불해달라는데 왜 안되요? 이것보세요. 제가 새상품이라고 말씀드리고 환불안되는 조건으로 싸게 판매한건데요 아글쎄 물건상태가 마음에 안들어 환불해줘! 새제품을 30도 안되는 가격에 구매해놓고 상태가 어쩌니 환불을 해달라니요. 어이가 없네요 환불안해주면 땡떙마켓에 당신 쓰레기라고 소문낼거야! 소문내세요! 그럼 전 허위사실유포로 맞대응 하겠습니다. 너네집에 개키우지? 그강아지 내가 납치해버린다 이사람이 무슨소리야! 협박으로 고소한다 이 사기꾼아,협박(0),기타괴롭힘(3),66.63
안녕하십니까 사장님 뭔 안녕해 미친놈아 저리 꺼져 죄송합니다 사장님 그러게 죄송할 짓을 왜 하고 자빠지나 죄송합니다. 자네 창의성이 없나 죄송하다는 말밖에 못하는 장애를 가지고 있어? 그럼 어떻게 말해야 하나요? 얼래? 지금 대드는 거야? 됐다 차라리 죄송하다고 말이나 해 멍청아,직장내괴롭힘(2),기타괴롭힘(3),66.47
어이 길동이. 내일이면 만기일인데 돈은 준비 됐나? 제발 며칠만 더 시간을 주십시오. 수입도 없으면서 무슨 베짱으로 돈을 빌린건가. 조금만 기다려주시면 갚을 수 있습니다. 조금만? 그게 지금 몇 번째야!!! 죄송합니다 . 돈이 없으면 몸으로라도 떼워야지. 네??? 다음달까지 못 갚으면 장기라도 떼어갈테니 건강관리 잘 해두게. .무슨 일이 있어도 마련하겠습니다.,협박(0),갈취(1),65.52
너 어머니가 00병원에 있다고 했지? 어머니는 건드리지 마 병원비는 병원비대로 드는데 돈은 없고 그치? 지금 밀린 병원비가 한 두푼이 아닐텐데. 그딴거 내가 알아서 해 니가 무슨 수로? 그냥 내가 시키는대로만 해 그런 더러운 일 안 한다고 했잖아!! 너 지금 내가 부탁하는거로 보이니? 너나 니 어머니나 아무도 모르게 없애는거 일도 아니야 . 돈은 서운하지 않게 줄테니 생각 잘 해보라고,협박(0),갈취(1),65.5
아직도 멀었어? 조금만 더 시간을 주면. 하 내가 시간을 얼마나 줬는데 내 말이 좀 편했나봐 그치? 그게 아니고. 아니긴 뭐가 아니야. 내가 시간을 혹시 너무 적게 줬다 그 말인가? 내가 진짜 진짜 이번에 쓸 데가 있어서 내가 5일 아니 3일만 아니 하루만 더 시간을. 아 오늘도 없는 돈이 하루만 시간을 더 주면 생기나? 제발 내가 진짜 어떻게든 갚을게 나도 노력. 내가 니 말을 어떻게 믿지? 너 같음 니 말을 믿겠어? 아니 아니 근데 진짜 하루만 제발 하루만 더 시간을 줘 내가 진짜 어떻게든 구해올게,갈취(1),협박(0),65.01
너 내돈 대체 언제갚냐? 미안한데 시간을 좀 줘 너 오늘까지는 준다며 나도 더이상은 못참아 그럼 어떻하라고 지금은 없는데 너희 엄마한테 말해서 받아야겠어 그건 안되 며칠후에 준다니까 니말을 어떻게 믿냐 너같은 놈은 정신좀 차려야돼 경찰서에가자 신고할테니 싫다고 난 안가 배째라,협박(0),갈취(1),64.46
선생님. 지금 차별하십니까? 아버님 진정하시구요.그런게 아니에요 우리 아이가 얼마나 귀하게 큰 줄 아십니까?? 저에게는 다 같은 아이들입니다 우리아이가 며칠째 식음을 전폐했어요. 이러다 아이가 잘못되면 선생님도 저도 죽습니다. 민석이가 잘못한 점도 분명있습니다. 지금 민석이도 걱정되지만 올바르게 인도해주는 것도 부모와 선생의 역할이라고 생각합니다 그렇게 잘나셔서 우리 아이에게 상처를 줬습니까??? 진정하세요 아버님. 오해입니다 잘 알아듣게 타일렀을뿐입니다 그거야 선생님 기준이고요 우리애 어떻게 책임지실겁니까 아버님 제발 진정하세요,기타괴롭힘(3),협박(0),63.91
아 진짜 쟤 왜 이렇게 죽여버리고 싶지? 그런 마음드는게 하루 이틀이냐 그만 하라고 제발 좀 니가 뭔데 이래라 저래라야 아 왜 치는데 더 때려줘? 주먹으로 아주 어루만져 줄까? 아니 이게 진짜 나 저 새끼 한 손으로 이길 수 있는데 너 쟤랑 두 손으로 싸우면 내가 더 센 거다. 크크 걱정마 나 쟤 발로 상대해도 이겨,기타괴롭힘(3),협박(0),63.2
김대리! 스카프 샀어? 네네 너무 이쁘다 비싸보여 월급 받은 기념으로 하나 샀어요 줘봐줘봐 네? 나도 어울리는지 해보게 네네? 말귀 못알아먹어? 여기요 어머 나한테 너무 이쁘다 네. 김대리 내가 오늘만 사무실에서 하고 퇴근할때 줄게 네?? 싫어?? 아니요.,갈취(1),직장내괴롭힘(2),62.95
여기싸인하세요 으응? 이게 뭔데 설명해도 잘모르시잖아요 싸인하세요 내가 이게뭔줄알고 싸인을해 설명하면 아세요?아시냐고요 노인네가 뭐어? 어르신한테 나중에 도움되는거에요 싸인하세요 내가어떻게 믿고 싸인을해 하진짜 답답하게 하시네 좋은말로할때 싸인해요 정말왜이래,갈취(1),기타괴롭힘(3),62.43
학생 이것 좀 도와줄 수 있어? 네.? 어떤 아니 우리가 밖에서 뭘 하는데 밖이 너무 추워서 집에서 커피 좀 타서 갖다줘 네? 제가 왜요? 어른이 말하는데 말이 왜 이렇게 많아 아니 제가 그걸 왜. 집에 커피 좀 있지? 그거 타서 갖다줘 네.? 무턱대고 들어와서 커피 여기 있네 이거 타서 갖고와 아니 이거 몇개 안되는데 가지고와!,갈취(1),기타괴롭힘(3),62.03
빚 언제까지 갚을꺼야 벌써 빌려간지 일년도 넘었잖아 죄송합니다. 한 세 달만 더 주시면. 그 말만 지금 몇번째 듣는건지 알아? 더는 못 참아. 한 달 뒤에도 못 갚으면 장기 하나씩 떼어낼 준비해. 정말 세 달만 주시면 꼭 갚을께요. 그 이전까지는 어려워요? 어쩌라고 지금 그소리만 벌써 몇번째로 하고있는지 알아? 그럴줄알고 저번에 싸인한 장기포기 계약서도 들고왔어. 계약서? 이딴게 무슨 계약서야? 협박문서지. 내놔! 내가 찢어서 불태워버릴꺼야. 가져가서 불태워봐. 니가 뺏어갈줄 알고 사본으로 들고 왔으니까. 안되겠다. 그냥 너죽고 나죽자 이왕 빚 못갚을꺼. 니가 진짜 정신이 나갔구나? 진짜 정신이 나가면 어떻게 되는지 보여줄께.,협박(0),갈취(1),61.92
동생 이쁘던데? 내동생 어찌알어 소문났어 이쁘다고 내동생 근처에 얼씬도 마 그럼 내가 시키는대로 해 그건 곤란해 동생 생각해 제발 동생 건들지마 내가 시키는거 오늘까지 해 생각해볼께요,협박(0),기타괴롭힘(3),61.41
을 너 잠깐 이리 와봐. 왜 그러는데? 왜긴 우리 을이 너어무 이쁘니까. 미안 내가 잘못했어. 한번만 봐줘. 미안? 네가 뭐를 잘못했는데? 아냐 하루만 더 시간을 줘. 시간? 야 나랑 장난하냐? 잔말말고 벗어. 벗으라고? 뭐를? 좋아보이네. 그것도 푸르고. 안돼 나는 뭐 입으라고? 그건 네 사정이고. 빨리 안벗어? 썅,갈취(1),기타괴롭힘(3),61.34
아니 내기를 했으면 정정당당하게 승부를 인정해야지 내가 안본사이에 자네가 홀인원친걸 어떻게 안대? 누가 전화하러 자리 비우래? 그럼 통상적으로 기다려주는게 예의아니야? 아 치고 싶어 죽겠는데 자네가 자리를 비웠잖아 그럼 다시치게 내가 지금 지켜볼테니 참나 그 돈아까워서 저 난리야? 자네 구질구질하네 구질구질이라고했는가? 내가 진짜 열받아서 확씨 진짜 구질구질한게 뭔지 보여줘? 아갑자기 왜 급발진하나 손에 든 골프채는 내려놓고 말하세 내가 이거 내려놓으면 또 돈 주라고 할거 아닌가! 억울하게 진짜!!!!!! 내가 내눈에서 본것도 아닌데 진짜 이러면 골프채 다 휘둘러버리는 수가 있어,협박(0),갈취(1),61.21
너 일로 와봐. 네. 너희 아까 손님들 앞에서 너희끼리 떠들면서 웃었니? 네??.아니요 아까 손님께서 말 거셔서 그냥 웃은 거에요. 여기가 어디라고 웃어 너희 일하러 왔지 놀러왔니? 죄송합니다. 하여튼 가봐.일이나 제대로 하면 말도 안해 네 그럼 가 보겠습니다. 아참가서 식빵 4개 모닝롤 3개 단호박빵 3개 가져와. 매니저님 죄송한데 다시 한번만 말씀해 주실 수 있으실까요? 하.됐어 내가 할라니까 죄송합니다.,직장내괴롭힘(2),기타괴롭힘(3),60.21
김대리. 약속한 기간이 얼마 남지 않았어? 부장님. 제가 그런 돈이 어딨습니까. 이건 말이 안된다구요오옷 말이 안돼? 네 놈이 법인카드를 네 곳간마냥 긁고다닌 것은 말이 되니? 아 부장님! 잔말말구 일억. 일억 입금하고 나도 입 싹 닦을게. 김대리 나도 너 오래 보고 싶다? 우리 오래 가야지. 올라가야지 같이 부장님 한 번만 눈 감아주시면 뭐든 다 하겠습니다 뭐든 다 한다? 네.뭐든요.,갈취(1),직장내괴롭힘(2),59.36
저번에 말한 물건들 준비됐어? 아니 선생님. 시간을 조금만 더 주세요. 저번에도 그랬잖아. 이번엔 그냥 안넘어가 그리고 원래 300개만 준비해달라 하셨는데 300개를 더 요구하시는건 좀 과하지 않습니까. 그래? 진짜 과한게 뭔지 보여줄까? 죄송합니다. 너나 니 와이프나 자식들 장기라도 팔아서 준비해. 예.? 왜. 직접해줘? 오늘까지 꼭 갚겠습니다.,협박(0),갈취(1),59.31
어이 이쁜이 시간이 지났는데 약속을 안지키네 네.엄마가 아프셔서. 그래 엄마가 많이 아프시노? 네 병원에 입원하시고 있어요 그래도 씨발년야 니 의무는 해야지. 왜 돈은 안가지고 오는거야? 엉!! 드릴려고 했는데 엄마가 갑자기 아프셔서. 이런 씨발 잡년이 있나? 잘됬네 장기라도 팔어!! 조금만 봐주세요. 아저씨도 부모가 있잖아요. 야!!! 잡소리 치우고 장기팔아갖고와!! 조금만 시간을 주세요,협박(0),갈취(1),58.21
야 이게 뭐냐? 드 드론. 드 드드 드론. 새끼 말 더듬는 거 봐. 아 안 더듬었어. 야 나도 해 보자. 줘 봐. 이 이거 비 비싼 건데. 누가 부순대? 씨 그냥 한번 나도 해 본다고. 아 안 돼. 내놔. 안 놓으면 부서진다? 아.,갈취(1),기타괴롭힘(3),57.58
"어 선배, 여기 계셨어요? 응, 밥 먹으러 내려왔다가. 너는? 저도 점심 먹으러요. 같이 가도 될까요? 그럼요, 같이 가요.",일반대화(4),직장내괴롭힘(2),56.71
애 너희 오빠잘생겼던데! 아그래고마워 아니 고맙긴 뭘 어?? 다름이 아니라 나 너네오빠 만나보고 싶은데 너가 연결좀 시켜주라 어? 우리오빠 여자친구 만날생각 없다던데 그걸 니가 어떻게 알아? 마음이 바꼇을수도 있고 아. 왜 싫어?? 니네오빠 몸에 금칠이라도했어? 아니 그건 아닌데 그거 아니면 내연락처좀 전달해주고 연락오게해줘 안그러면 알지?? 좀 쉽게쉽게 가자,기타괴롭힘(3),갈취(1),56.49
"주임님, 이 서류 여기다 두면 될까요? 아, 거기 말고 이쪽 파일에 넣어줘요. 아 이 파일이요? 네, 날짜 순으로 정리해서요. 네, 알겠습니다.",일반대화(4),직장내괴롭힘(2),55.91
혜민아 넌 날 떠날 수 없어 무슨 소리야. 내가 우리 헤어지자고 했잖아. 아니? 난 너랑 못헤어져. 아니 안헤어져. 그만하자 오빠. 나 너무 힘들고 지쳤어. 너도 나 사랑한다고 했잖아. 니가 그런 날 어떻게 떠나? 너무 숨막혀. 오빠가 이럴 때마다 정말 니가 나랑 헤어지면 편하게 살 수 있을까? 내가 가지고 있는 니 사진들 회사에 뿌려도 되는거니? 무.무슨 소리야? 오빠 설마. 진짜 소름끼친다. 난 매일 너를 담고 싶어서 사진을 찍은 게 문제가 돼? 우리 헤어지지 말자 이건 내 동의도 없이 찍은 거 잖아!,기타괴롭힘(3),협박(0),55.72
너 이 사이트 가입 되어있어? 아니? 나 사이트 잘 이용안해서. 그럼 니 정보 좀 빌려주라. 나 거기 아이디 다 만들어서 내가 만들 수가 없어. 응 ? 그렇게까지 해야돼.? 아 지금 캐릭터 이벤트 중인데 내 주민번호로는 다 막혔단말야 . 근데 왜 내 정보까지 끌어다가 만들어야 하는건데.? 너 어차피 안한다며 그럼 내가 해도 상관없는거 아냐? 그래도. 내 정보가 다 기재 되어있고. 혹시 모르니까. 넌 친구도 못믿냐? 그냥 만들고 안쓴다고. 진짜 짜증나네. 빨리 주민번호랑 다 알려줘. 급하다고. 안돼.미안해. 미쳤나 이게. 야 너 오냐오냐 했더니 기어 오르네? 지금 해보자는거야? 일 키우기 싫으면 빨리 내놔라.,갈취(1),기타괴롭힘(3),54.48
야 길동 일로와봐 네 부장님 부르셨어요? 이따가 세시에 내 손님 오기로했는데 커피 좀 사와 저 지금 보고서 작성하고 있어서. 아 그것보다 내 손님이 더 중요하니까 얼른 가서 사와 네. 아 맞다 나 지갑을 차에 두고와서 너가 사오면 내가 나중에 돈 줄게 네? 저번에도 안 주셨는데. 됐고 나중에 줄게 얼른 가서 사오고 접대실 테이블 세팅도 좀 해놔라 네.,직장내괴롭힘(2),갈취(1),53.4
찬석아 너 어디가냐? 어.나엄마심부름 야 가는길에 내빵도 좀 사와라 나.돈주면사올게 돈없으니까 대충 아무거나 좀 사와라 친구끼리 뭐 돈을받고 그러냐 어.진짜 돈없는데. 이 쪼잔한놈이 너 학교에서 우리랑 어울리기 싫냐? 왕따되고싶음 니맘대로해라 아.그게아니고. 빨리 사와 알겠어.,기타괴롭힘(3),갈취(1),52.8
다 죽여버리기전에 여기에 돈 담아! 꺄악.!! 도둑.도둑이야.! 당.당신 누구야.! 닥치고 돈 담으라고!!!!!!! 다 죽고싶어? 어!? 사.사장님.! . 우주씨.울.울지말고. 당신 . 일단 좀 진정해봐. 진정? 돈 담으라고 진짜 죽고 싶어서 환장했어? 어!? 윽.사.사장님.저.저 좀 살려주세요. 이 여자 살리고 싶으면 돈 담아. 빨리 안담아!? 제발 그 여자부터 풀어줘. 우리 대화로 하자.어.? 진짜 이 여자 죽여버리기 전에 입 닥치라고!,협박(0),갈취(1),51.97
자꾸 내 돈 안 갚고 어딜 도망가? 기간을 조금만 더 주시면.이율이 너무. 남의 돈 빌리고 갚는게 쉬울 줄 알았어? 다 알고 빌린거잖아? 그래도 이렇게 이자가 불어날 줄 몰랐어요!!!! 그러게 계약서는 잘 읽어 봤어야지? 못 갚겠다면.뭐.돈 나올 구멍은 많잖아? 네.? 니 가족도 있고.아님 널 팔아 넘길 수도 있고.그 전에 장기부터 털고? 눈 한쪽 신장 한 쪽 없어도 잘 살수 있잖아? 히이익.! 아님 그냥 장기 싹 다 털어버릴까? 어차피 너같은 거 죽어도 찾을 사람 없잖아? 죄송합니다. 빨리 갚겠습니다.,협박(0),갈취(1),50.94
신입 환영회 회식하니까 얼마나 좋아 감사합니다 환영회 해주셔서 아니야아니야 근데 남자친구는 있나 아니요 없어요 아 구래 그럼 사귄 남자친구는 몇명정도야? 아한 3번 어머 생각보다 연애를 많이 안해봤네 그럼 최근에 언제 만난사람은 얼마나 만났어? 아1년정도 얼마 안사귀었네? 그 사람은 뭐하는 사람인데? 아 그냥 직장인이요 그럼 제일 오래만난건 언제 만났을때야? 이제 그만 물어보시면 안될까요? 어머 왜 그렇게 예민해 장난이잖아 장난 아,직장내괴롭힘(2),기타괴롭힘(3),50.79
껍데기 뿐인 정박아로 태어난 주제에 용케 아직까지 살아있구나. 좋은 아침 좋아질 것 같지 않지만. 모두 네 덕분이지. 너의 존재는 너와 함께하는 모두어게 민폐만 끼칠 뿐이야. 그렇게 생각하든가. 네 생각과는 상관없이 난 잘 살아가고 있어. 내가 말하는 건 사실 뿐이야. 시간이 흐르고 주위 사람들의 연민이 바닥을 보일 때 너는 그 무엇도 될 수 없어. 확실히 내겐 문제가 많아. 하지만 그건 내 문제지 네 문제인가? 내가 몇 번이나 말했었지. 네가 나를 괴롭히는 이유 다시 한 번 말해주겠어? 멍청한 이 몸은 기억을 못하겠네. .너 같은 불량품 자식과 나의 혈관에 같은 피가 흐른다는 게 수치스러워서 견딜 수가 없어. 이쯤되면 목을 메달든 손목을 긋든 어서 자살하라고 내 손을 더럽히려 하지 말고. 절대 그럴 일 없다네 형제여. 네 삶의 모든 것을 불살라버릴 거야. 이 세상 모든 것이 너를 적대하게 되겠지. 그 때 가서 후회하지 마.,기타괴롭힘(3),협박(0),50.19
밥 먹었어? 점심시간에 뭐 했어?안 심심해? 네. 또 단답이네 아시죠? 뭘 알아? 이상한 헛 소문 낸 거 맞으시잖아요. 왜 날 몰아? 저도 다 들었어요. 모르는 척 안하셔도 됩니다. 날 몰아가는 이유가 뭐냐고 제대로 알고나 말하던가. 더이상 시끄럽지 않고 싶으면 가만히 있어,직장내괴롭힘(2),기타괴롭힘(3),49.17
너 또 내말 무시하냐? 이새끼 널 좆으로 보나본데? 아냐 진짜 시간이 없었어 미안해 너 오늘 죽자 살살해 미안해 오늘은 꼭 해올께 됐어 기회는 끝났어 이러지마 진짜 미안해 야 칼은 어디서났어?! 이새낀 말로하면 들을생각을 안하지?,협박(0),기타괴롭힘(3),48.95
민주씨. 오늘 옷 이쁘네 감사해요. 어디서샀어? 나도 그 옷 봤는데 길동쇼핑몰에서요 15만원주고 샀어요 왜이렇게 비싸게 주고샀데? 역시 돈 많네 아니에요 브랜드 정가라서 그래요 민주씨 금수저 아니었어? 소문났던데 네??누가 그래요? 민주씨 얘기 요즘에 뒤에서 많이해. 소문이 안좋게 났던데. 소문은 소문일뿐이에요 그래? 밖에서 행실 잘하고 다녀,직장내괴롭힘(2),갈취(1),48.36
그 여자 누구야? 누구세요? 이 손 놓으세요!! 오늘 만난 사람 누구야? 왜 날 두고 다른 사람을 만나? 무슨 소리 하시는거에요! 저 경찰에 신고할거에요!!! 니가 먼저 날 홀려놓고 무슨소리야? 왜 날 모르는 척해? 얼마전부터 쎄한 느낌이 들더니. 당신이었어? 이거 스토커 범죄에요. 알아?!! 스토커.? 너가 먼저 나한테 끼부렸잖아. 나한테 잘보이려고 이런 옷도 입고. 난 알아 너가 날 사랑하는거. 이 사람 말이 안통해. 저기요 경찰에 신고할거에요 . 지금 협박이 통할거라고 생각해? 이리와 이리와!!! 끄악! 살려주세요!! 아악! 아무도 없어요?? 오늘 너가 만난 사람이 누군지 말할 때까지 평생 내 손아귀에서 못 벗어나. 기대해도 좋아. 결국엔 넌 죽어서도 내꺼가 될거니까.,협박(0),기타괴롭힘(3),47.26
원장님 지금 뭐하시는 거에요? 내가 뭘요 ? 저 다른 병원들에 다 소문 내신 거 원장님이시잖아요. 제가요? 무슨 근거로 갑자기 그러시는 거죠? 제가 부당한 사항 말씀드리고 이직하겠다고 말씀드렸더니 원장님께서 다른 병원들에 제 험담 하셨다는 거 다 알고 왔어요. 김선생 사회가 그렇게 만만하고 쉬운 줄 알았어요 그럼? 사회가 만만하고 쉬운 게 아니라 부당한 부분을 저는 짚어 드린 겁니다. 아니 그러니까 사회생활을 그 따위로 하는데 다른 데에서 받아 줄거라고 생각했냐구요. 쯧쯧. 환자들 과잉진료에 직원들 부당한 차별 그게 그럼 원장님이 잘못하신게 아니라는 말씀이신가요? 저기요. 김선생님 증거있어요? 어디 한 번 증거 가지고 와서 얘기하시고 지금 엄연한 업무방핸데 어쩔래요? 그러니까 사회생활 좀 잘하지 그랬어,직장내괴롭힘(2),기타괴롭힘(3),46.33
당장 무릎 꿇어. 네? 무릎 꿇으라고. 그리고 넌 이 가방에 돈 담아. 알겠습니다. 조금이라도 까딱하면 총으로 쏴버릴거야. 경찰입니다. 경보 듣고 왔습니다. 거기서 더 들어오지마. 들어오면 인질 죽어. 뭘 바라십니까? 탈출할 수 있는 헬기와 100억원. 알겠습니다. 인질을 풀어주세요.,협박(0),갈취(1),46.33
오빠 어떻게 이럴 수가 있어? 응? 무슨 말이야. 수아야. 오빠.내가 모를 거 같아? 어제 술먹고.나한테 무슨 짓을 한거냐구! 어제.? 아니 수아야. 어제 니가 먼저 나 좋아한다고. 같이 있어달라고. 내가 ? 내가 술먹고 취했다고 기억 못할 줄 알고 그러는 거야? 오빠 진짜 나쁜 사람이구나. 수아야 진정 좀 해봐. 어제 분명 우리 좋았잖아. 너도 좋다고 했고 우리 진지하게 만나기로. 아 됐고 오빠 나 오빠 성폭행으로 고소할 거야. 뭐? 성폭행? 너 진짜 미쳤어? 고소 당하기 싫으면 조용히 우리 선에서 끝내자. 합의금정도는 줄 수 있잖아? 많이도 안바라. 오백만 줘. 오백? 하 참 너 이러려고 어제 나한테 연락한 거였니? 난 못줘. 그래. 오빠 그럼 오빠 평생 부모님한테 사람들한테 성폭행범 소리 듣게 해줄게. 아니면 조용히 끝내던가 2시간 줄게. 알아서 해.,갈취(1),협박(0),45.78
이번 달 월급 들어오면 갚는다며. 들어오자마자 다 뜯겨서 그래. 미안해. 그 말이 벌써 몇 달째야. 나도 급해. 사정이 좋지 않다고 나도. 야 나 월세도 밀렸어. 지난 달엔 곧 형편 나아진다며. 이제 한 달 지났다. 곧이라는 게 1년은 두고 봐야지. 장난해? 당장 갚아. 내일까지 안 갚으면 니 금이빨이라도 뽑아갈 테니까. 살벌하네. 농담 같애? 아 알겠어. 근데 전부는 못 갚아. 일단 백 백만 먼저. 삼백. . 알았어 삼백.,갈취(1),일반대화(4),45.64
세면대에서 코 좀 풀지마 나오는걸 어떡해 휴지에 안풀고 일부러 세면대에서 있는 힘껏 풀지말라구 내 마음이야 배수구 청소해보면 샤워기 물 틀어도 안씻겨 배수관 막혀서 역류하면 어쩔건데? 다른 사람 고생시키지 말고 시키는대로 해 편하게 살자 스트레스 받아 계속 비협조적이면 나 못참아 못참으면 어쩔건데 접골원에 가서도 뼈 못맞추게 두들겨팰거야,협박(0),일반대화(4),45.14
안녕하세요 중고나라보고 문의드려요 네 아이폰 50만원에 팔아요 네 입금했습니다 네 택배 보낼게요 저기요 택배 잘못왔는데요? 아이폰 아니잖아요? 사기에요 무슨 소리하는지 잘 모르겠네요 사기꾼 새끼야 내가 너 경찰에 신고하고 죽여버리기전에 당장 내돈 내놔라 하고싶은데로 하세요 너 경기도 살지? 어떻게 알았지? 내가 지금 당장찾아가서 너 죽여버린다 기다려라,협박(0),갈취(1),44.84
어제 우리 가게 앞에 있던 택배 돌려 놓으세요 제가 왜요? 버리려고 둔 거 잖아요 뜯지도 않은 멀쩡한 택배인데 누가 그걸 버려요? 그럼 가게 안에 뒀어야죠 억지 그만 피우고 되돌려 놓으라고요 이미 제 손에 없어요 그럼 당신이 변상해 증거 있어? 내가 가져 갔다는 증거 카메라에 다 찍혔으니까 그렇게 알아요 쓰레기 가져갔다고 하면 그만 아니야? 참나,갈취(1),기타괴롭힘(3),44.12
안녕하십니까 길동전자입니다 야 사장바꿔 고객님 무슨일이십니까 바꾸라면 바꿔 말딴이란 통화하기 싫어 고객님 저한테 무슨 말씀인지 해주시면 전달하겠습니다 고객센터에서 일하는 주제에 무슨 말이 많아 고객님 저에게 말씀해주시면 자세히 답변드리겠습니다 니까짓것하고 말하기 싫다고 고객님 어떤일때문에 그러시나요 개같은 경우가 다 있어,기타괴롭힘(3),직장내괴롭힘(2),43.76
이민수 너 교무실로 당장 따라와 네? 저요? 왜요? 너 이 동영상 뭐야! 아 그거요? 그거 어제 대영이랑 논 건데요? 니 눈엔 이게 노는거야? 얘가 쓰레기 뒤집어 쓰고 어 ? 아 대영이 한테 물어보시면 되잖아요 야 니가 대답해봐. 어제 우리 놀다가 니가 벌칙받은거지? 어.?.아. 선생님 저.그거 제가 어제 애들이랑 놀다가.그런거에요.제가 원해서 한거에요. 뭐? 너 이게 정말 논거라고? 네.제가 내기에 져서 애들이랑 장난친다고 찍은 동영상이에요. 저 괜찮아요.선생님. 거봐요! 전 잘못없어요! .민수야 이제 동영상 지워주면 안 될까.? 내가? 음 그냥 지워주기는 너무 아깝고 너 그럼 이번 학년 내내 내 셔틀하면 지워줄게,기타괴롭힘(3),직장내괴롭힘(2),43.63
아빠 나 노트북 사줘 아빠가 이번달엔 좀 힘든데 모아서 3달 뒤에 사주면 안될까? 아 다른 친구들은 다있는데 나만 없단말이야 아이고 우리딸 속상했겠다 말로만 속상하다고 하지말고 사주라고 진짜 미안하다 아니 우리집은 왜이렇게 집구석이 가난해? 왜 이런집에서 나 태어나게 한거야? 딸. 미안해 미안하다고 하지말고 가서 뭐라도 해서 노트북 가져오라고! 사오든가 훔치든가! 안그러면 나 지금 여기서 뛰어내릴거야 딸딸. 왜그래 진정해 아빠가 친구한테라도 돈 빌려볼게,갈취(1),기타괴롭힘(3),43.32
에취 컥컥 오늘 공기가 탁한가봐요. 스으읍 오늘따라 숨이 더 잘 안 쉬어지네요. 야 너 제발 회사에서 기침 좀 적당히 하면 안되냐? 시끄러워 죽겠어. 제가 어릴 때부터 호흡기가 안 좋아서 천식 앓고 있어서 그래요. 죄송해요. 그리고 너 맨날 들이마시는 그 뭐냐 호흡기? 네블라이저? 그것도 그만 흔들어. 정신 나가버리겠어 사람이 이거 안 하면 숨이 너무 막혀서 호흡곤란와요. 최대한 적게 쓰드록 노력할게요. 그거 내놔봐 호흡기인가 뭔가 그거 줘봐 나한테 네? 여기요 근데 왜요??? 아니 적게 쓰드록 노력 한다며. 내가 도와줄라고 집에 가기전에 줄게 회사에서는 하루에 한 번 씩만 써. 그래야 쓰는 양도 줄지. 대리님. 빨리 주세요 저 지금 숨 막혀요 빨리요 야 엄살 피우지 마. 안 죽어 적게 쓰도록 노력한다며. 알아서 잘 조절해봐. 그것도 조절 할 수 있어야 그게 사람이지,직장내괴롭힘(2),기타괴롭힘(3),43.3
저기 누구신데 자꾸 사진을 찍어요. 죄송한데 사진 좀 지워주세요. 머라고? 내가 누군줄 알고 그래요? 저 오빠 펜이에요. 팬인건 너무 고마운데 제가 이 비행기 타는건 어떻게 알았어요? 오빠 제가 모르는게 어디있어요 아니 업무차 가는게 아니라 저 휴가가는거라 소속사도 제가 어떤 비행기 타는지 어디로 여행가는지는 몰라요. 오빠 저는 소속사에서 알려주지 않아도 다 알아요. 오빠가 어디에 사는지. 오늘 개인적은 일정은 있는지 어떤 비행기를 타는지 어떤 좌석을 앉는지. 다 안다고요. 네? 이거 사생활 침해에요. 사생활침해라니요? 다 오빠 사랑해서 이러는건데 너무하신거 아니에요? 제발 저한테 이러지 말아주세요. 부탁드릴게요. 저도 거기로 여행가는지 어떻게 알아요? 제가 오빠랑 운명이라는 거에요. 아니에요. 제발. 부탁드릴게요. 저의 사생활까지 아는거 너무 부담스러워요.,기타괴롭힘(3),직장내괴롭힘(2),43.02
야 별이 핸드폰에 이상한 영상 있더라 그게 뭔데? 노래방에서 알바한 영상 이던가? 뭔 헛소리야 너네 남편이 알아도 그럴까? 나 일리가 없잖아 그럼 영상 보내볼게 보고도 그런지 보자 나아니라구 그래? 그럼 너네 남편에게도 보내보면 알겠지 새끼야 너 협박죄야 이거,협박(0),갈취(1),40.89
선생님 저희 얘 좀 잘 부탁드려요. 지우 어머님. 이러지마세요. 저희 얘 꼭 좋은 대학교 가야합니다. 지우는 똑똑해서 꼭 갈 수 있을 겁니다. 너무 염려마세요. 선생님 저희 얘 이 번 시험문제 좀 알려주실 수 있을까요. 네? 어머님 그건 불가능해요. 아시잖아요. 선생님 이번에 저희 조카랑 결혼하신다는 얘기는 들었습니다. 민주씨요.? 근데 그게. 저희 조카 제가 업어키웠습니다. 제 말이라면 꿈뻑죽는 아이에요. 무슨 말인지 아시죠? 어머님. 저는 그래도 불법을 저지를 수 없습니다. 죄송합니다. 그래요. 그럼 저희 민주한테가서 이 결혼 선생님께서 안하겠다고 하셨다고 말해도 되는거죠? 아.아.아닙니다. 어머님 이러시는 거 정말 . 제말 이해 했다고 생각하겠습니다. 내일 다시 올게요.,갈취(1),협박(0),37.6
와 멋잇다 이 헬멧 누구세요? 누군데 남의 오토바이 앞에 서계세요 아니 멋져서 구경좀 했는데 아네. 그럼 가볼게요 아니 형아 이거 형아 헬멧이야? 네. 나도 갖고싶다 좀 써보도돼? 안됩니다 안돼? 내가 이 헬멧으로 형아 머리 날려도 안돼? .그러지마십시오,갈취(1),기타괴롭힘(3),36.79
친구야 이따 시험때 답좀 슬쩍 보여주라. 그건 어려울것 같은데. 와.친구사이에 이러기냐? 미안. 걸리면 0점이잖아. 그러면 너 지난번에 과제 내꺼 베껴서 제출한거 내가 조교님께 말한다? 아니 그건 지난일인데 왜 이제와서 말해. 지금이라도 말하면 너 점수깍일걸? 생각 잘해라. 하. 그래도 시험컨닝은 좀. 그래 그럼 나는 지금 조교님한테 간다. 알았어 보여주면 되잖아.,협박(0),갈취(1),35.77
